category	reads	sample	run
raw_reads	2822911	1000264864-UR-5-1_S9	170407_M01274_0180_000000000-B4LLY
trimmed_too_short	248627	1000264864-UR-5-1_S9	170407_M01274_0180_000000000-B4LLY
low_entropy	51342	1000264864-UR-5-1_S9	170407_M01274_0180_000000000-B4LLY
low_quality	8	1000264864-UR-5-1_S9	170407_M01274_0180_000000000-B4LLY
passing_filter	2522934	1000264864-UR-5-1_S9	170407_M01274_0180_000000000-B4LLY
matching_humanGRCh38	1586881	1000264864-UR-5-1_S9	170407_M01274_0180_000000000-B4LLY
matching_bact1	387578	1000264864-UR-5-1_S9	170407_M01274_0180_000000000-B4LLY
matching_bact2	50115	1000264864-UR-5-1_S9	170407_M01274_0180_000000000-B4LLY
matching_bact3	19706	1000264864-UR-5-1_S9	170407_M01274_0180_000000000-B4LLY
matching_fungi1	5471	1000264864-UR-5-1_S9	170407_M01274_0180_000000000-B4LLY
matching_bt_ref	126	1000264864-UR-5-1_S9	170407_M01274_0180_000000000-B4LLY
reads_to_blast	473057	1000264864-UR-5-1_S9	170407_M01274_0180_000000000-B4LLY
viral_reads	2207	1000264864-UR-5-1_S9	170407_M01274_0180_000000000-B4LLY
undetermined_reads	470850	1000264864-UR-5-1_S9	170407_M01274_0180_000000000-B4LLY
raw_reads	1111317	1000343618-NPS-1-1_S1	170407_M01274_0180_000000000-B4LLY
trimmed_too_short	201824	1000343618-NPS-1-1_S1	170407_M01274_0180_000000000-B4LLY
low_entropy	326080	1000343618-NPS-1-1_S1	170407_M01274_0180_000000000-B4LLY
low_quality	10	1000343618-NPS-1-1_S1	170407_M01274_0180_000000000-B4LLY
passing_filter	583403	1000343618-NPS-1-1_S1	170407_M01274_0180_000000000-B4LLY
matching_humanGRCh38	502090	1000343618-NPS-1-1_S1	170407_M01274_0180_000000000-B4LLY
matching_bact1	34479	1000343618-NPS-1-1_S1	170407_M01274_0180_000000000-B4LLY
matching_bact2	1905	1000343618-NPS-1-1_S1	170407_M01274_0180_000000000-B4LLY
matching_bact3	61	1000343618-NPS-1-1_S1	170407_M01274_0180_000000000-B4LLY
matching_fungi1	4	1000343618-NPS-1-1_S1	170407_M01274_0180_000000000-B4LLY
matching_bt_ref	48	1000343618-NPS-1-1_S1	170407_M01274_0180_000000000-B4LLY
reads_to_blast	44816	1000343618-NPS-1-1_S1	170407_M01274_0180_000000000-B4LLY
viral_reads	5416	1000343618-NPS-1-1_S1	170407_M01274_0180_000000000-B4LLY
undetermined_reads	39400	1000343618-NPS-1-1_S1	170407_M01274_0180_000000000-B4LLY
raw_reads	963130	1000344030-BE-2-1_S3	170407_M01274_0180_000000000-B4LLY
trimmed_too_short	260873	1000344030-BE-2-1_S3	170407_M01274_0180_000000000-B4LLY
low_entropy	254936	1000344030-BE-2-1_S3	170407_M01274_0180_000000000-B4LLY
low_quality	4	1000344030-BE-2-1_S3	170407_M01274_0180_000000000-B4LLY
passing_filter	447317	1000344030-BE-2-1_S3	170407_M01274_0180_000000000-B4LLY
matching_humanGRCh38	390145	1000344030-BE-2-1_S3	170407_M01274_0180_000000000-B4LLY
matching_bact1	2440	1000344030-BE-2-1_S3	170407_M01274_0180_000000000-B4LLY
matching_bact2	116	1000344030-BE-2-1_S3	170407_M01274_0180_000000000-B4LLY
matching_bact3	18	1000344030-BE-2-1_S3	170407_M01274_0180_000000000-B4LLY
matching_fungi1	0	1000344030-BE-2-1_S3	170407_M01274_0180_000000000-B4LLY
matching_bt_ref	107	1000344030-BE-2-1_S3	170407_M01274_0180_000000000-B4LLY
reads_to_blast	54491	1000344030-BE-2-1_S3	170407_M01274_0180_000000000-B4LLY
viral_reads	145	1000344030-BE-2-1_S3	170407_M01274_0180_000000000-B4LLY
undetermined_reads	54346	1000344030-BE-2-1_S3	170407_M01274_0180_000000000-B4LLY
raw_reads	2264401	1000264864-BE-4-2_S8	170407_M01274_0180_000000000-B4LLY
trimmed_too_short	292077	1000264864-BE-4-2_S8	170407_M01274_0180_000000000-B4LLY
low_entropy	804168	1000264864-BE-4-2_S8	170407_M01274_0180_000000000-B4LLY
low_quality	7	1000264864-BE-4-2_S8	170407_M01274_0180_000000000-B4LLY
passing_filter	1168149	1000264864-BE-4-2_S8	170407_M01274_0180_000000000-B4LLY
matching_humanGRCh38	1074911	1000264864-BE-4-2_S8	170407_M01274_0180_000000000-B4LLY
matching_bact1	22152	1000264864-BE-4-2_S8	170407_M01274_0180_000000000-B4LLY
matching_bact2	1897	1000264864-BE-4-2_S8	170407_M01274_0180_000000000-B4LLY
matching_bact3	30	1000264864-BE-4-2_S8	170407_M01274_0180_000000000-B4LLY
matching_fungi1	1	1000264864-BE-4-2_S8	170407_M01274_0180_000000000-B4LLY
matching_bt_ref	36	1000264864-BE-4-2_S8	170407_M01274_0180_000000000-B4LLY
reads_to_blast	69122	1000264864-BE-4-2_S8	170407_M01274_0180_000000000-B4LLY
viral_reads	121	1000264864-BE-4-2_S8	170407_M01274_0180_000000000-B4LLY
undetermined_reads	69001	1000264864-BE-4-2_S8	170407_M01274_0180_000000000-B4LLY
raw_reads	1282401	1000343618-NPS-1-2_S2	170407_M01274_0180_000000000-B4LLY
trimmed_too_short	204132	1000343618-NPS-1-2_S2	170407_M01274_0180_000000000-B4LLY
low_entropy	260579	1000343618-NPS-1-2_S2	170407_M01274_0180_000000000-B4LLY
low_quality	3	1000343618-NPS-1-2_S2	170407_M01274_0180_000000000-B4LLY
passing_filter	817687	1000343618-NPS-1-2_S2	170407_M01274_0180_000000000-B4LLY
matching_humanGRCh38	684255	1000343618-NPS-1-2_S2	170407_M01274_0180_000000000-B4LLY
matching_bact1	88796	1000343618-NPS-1-2_S2	170407_M01274_0180_000000000-B4LLY
matching_bact2	2928	1000343618-NPS-1-2_S2	170407_M01274_0180_000000000-B4LLY
matching_bact3	62	1000343618-NPS-1-2_S2	170407_M01274_0180_000000000-B4LLY
matching_fungi1	0	1000343618-NPS-1-2_S2	170407_M01274_0180_000000000-B4LLY
matching_bt_ref	380	1000343618-NPS-1-2_S2	170407_M01274_0180_000000000-B4LLY
reads_to_blast	41266	1000343618-NPS-1-2_S2	170407_M01274_0180_000000000-B4LLY
viral_reads	1743	1000343618-NPS-1-2_S2	170407_M01274_0180_000000000-B4LLY
undetermined_reads	39523	1000343618-NPS-1-2_S2	170407_M01274_0180_000000000-B4LLY
raw_reads	890472	1000344030-BE-2-2_S4	170407_M01274_0180_000000000-B4LLY
trimmed_too_short	203443	1000344030-BE-2-2_S4	170407_M01274_0180_000000000-B4LLY
low_entropy	261010	1000344030-BE-2-2_S4	170407_M01274_0180_000000000-B4LLY
low_quality	3	1000344030-BE-2-2_S4	170407_M01274_0180_000000000-B4LLY
passing_filter	426016	1000344030-BE-2-2_S4	170407_M01274_0180_000000000-B4LLY
matching_humanGRCh38	369047	1000344030-BE-2-2_S4	170407_M01274_0180_000000000-B4LLY
matching_bact1	821	1000344030-BE-2-2_S4	170407_M01274_0180_000000000-B4LLY
matching_bact2	114	1000344030-BE-2-2_S4	170407_M01274_0180_000000000-B4LLY
matching_bact3	5	1000344030-BE-2-2_S4	170407_M01274_0180_000000000-B4LLY
matching_fungi1	0	1000344030-BE-2-2_S4	170407_M01274_0180_000000000-B4LLY
matching_bt_ref	21	1000344030-BE-2-2_S4	170407_M01274_0180_000000000-B4LLY
reads_to_blast	56008	1000344030-BE-2-2_S4	170407_M01274_0180_000000000-B4LLY
viral_reads	100	1000344030-BE-2-2_S4	170407_M01274_0180_000000000-B4LLY
undetermined_reads	55908	1000344030-BE-2-2_S4	170407_M01274_0180_000000000-B4LLY
raw_reads	1522330	1000351642-BE-3-2_S6	170407_M01274_0180_000000000-B4LLY
trimmed_too_short	190240	1000351642-BE-3-2_S6	170407_M01274_0180_000000000-B4LLY
low_entropy	565945	1000351642-BE-3-2_S6	170407_M01274_0180_000000000-B4LLY
low_quality	6	1000351642-BE-3-2_S6	170407_M01274_0180_000000000-B4LLY
passing_filter	766139	1000351642-BE-3-2_S6	170407_M01274_0180_000000000-B4LLY
matching_humanGRCh38	701537	1000351642-BE-3-2_S6	170407_M01274_0180_000000000-B4LLY
matching_bact1	16610	1000351642-BE-3-2_S6	170407_M01274_0180_000000000-B4LLY
matching_bact2	263	1000351642-BE-3-2_S6	170407_M01274_0180_000000000-B4LLY
matching_bact3	20	1000351642-BE-3-2_S6	170407_M01274_0180_000000000-B4LLY
matching_fungi1	0	1000351642-BE-3-2_S6	170407_M01274_0180_000000000-B4LLY
matching_bt_ref	55	1000351642-BE-3-2_S6	170407_M01274_0180_000000000-B4LLY
reads_to_blast	47654	1000351642-BE-3-2_S6	170407_M01274_0180_000000000-B4LLY
viral_reads	69	1000351642-BE-3-2_S6	170407_M01274_0180_000000000-B4LLY
undetermined_reads	47585	1000351642-BE-3-2_S6	170407_M01274_0180_000000000-B4LLY
raw_reads	1274631	1000351642-BE-3-1_S5	170407_M01274_0180_000000000-B4LLY
trimmed_too_short	206027	1000351642-BE-3-1_S5	170407_M01274_0180_000000000-B4LLY
low_entropy	403399	1000351642-BE-3-1_S5	170407_M01274_0180_000000000-B4LLY
low_quality	4	1000351642-BE-3-1_S5	170407_M01274_0180_000000000-B4LLY
passing_filter	665201	1000351642-BE-3-1_S5	170407_M01274_0180_000000000-B4LLY
matching_humanGRCh38	596522	1000351642-BE-3-1_S5	170407_M01274_0180_000000000-B4LLY
matching_bact1	20393	1000351642-BE-3-1_S5	170407_M01274_0180_000000000-B4LLY
matching_bact2	124	1000351642-BE-3-1_S5	170407_M01274_0180_000000000-B4LLY
matching_bact3	23	1000351642-BE-3-1_S5	170407_M01274_0180_000000000-B4LLY
matching_fungi1	0	1000351642-BE-3-1_S5	170407_M01274_0180_000000000-B4LLY
matching_bt_ref	125	1000351642-BE-3-1_S5	170407_M01274_0180_000000000-B4LLY
reads_to_blast	48014	1000351642-BE-3-1_S5	170407_M01274_0180_000000000-B4LLY
viral_reads	63	1000351642-BE-3-1_S5	170407_M01274_0180_000000000-B4LLY
undetermined_reads	47951	1000351642-BE-3-1_S5	170407_M01274_0180_000000000-B4LLY
raw_reads	1453040	1000264864-BE-4-1_S7	170407_M01274_0180_000000000-B4LLY
trimmed_too_short	214891	1000264864-BE-4-1_S7	170407_M01274_0180_000000000-B4LLY
low_entropy	555899	1000264864-BE-4-1_S7	170407_M01274_0180_000000000-B4LLY
low_quality	3	1000264864-BE-4-1_S7	170407_M01274_0180_000000000-B4LLY
passing_filter	682247	1000264864-BE-4-1_S7	170407_M01274_0180_000000000-B4LLY
matching_humanGRCh38	630848	1000264864-BE-4-1_S7	170407_M01274_0180_000000000-B4LLY
matching_bact1	1502	1000264864-BE-4-1_S7	170407_M01274_0180_000000000-B4LLY
matching_bact2	157	1000264864-BE-4-1_S7	170407_M01274_0180_000000000-B4LLY
matching_bact3	11	1000264864-BE-4-1_S7	170407_M01274_0180_000000000-B4LLY
matching_fungi1	1	1000264864-BE-4-1_S7	170407_M01274_0180_000000000-B4LLY
matching_bt_ref	233	1000264864-BE-4-1_S7	170407_M01274_0180_000000000-B4LLY
reads_to_blast	49495	1000264864-BE-4-1_S7	170407_M01274_0180_000000000-B4LLY
viral_reads	70	1000264864-BE-4-1_S7	170407_M01274_0180_000000000-B4LLY
undetermined_reads	49425	1000264864-BE-4-1_S7	170407_M01274_0180_000000000-B4LLY
